Date,ISIN No,Security Description,Type,Year Of Maturity,Maturity Date,Trades,Total Volume,High Price (`),Low Price (`),Last Traded Price (`),Last Traded YTM (%),WtdAvgPrice,WtdAvgYield,Platform
05-03-2026,IN0020250091,6.48% GS 2035,GS,2035,06-10-2035,4166,39467.6,98.95,98.56,98.87,6.64,98.75,6.66,NDS-OM
05-03-2026,IN0020250042,6.68% GS 2040,GS,2040,07-07-2040,977,10490,96.68,96.38,96.59,7.06,96.55,7.07,NDS-OM
05-03-2026,IN0020250067,6.01% GS 2030,GS,2030,21-07-2030,177,3715.19,99.11,98.75,99.07,6.26,99.06,6.26,NDS-OM
05-03-2026,IN0020240050,7.04% GS 2029,GS,2029,03-06-2029,162,1833,102.98,102.94,102.96,6.02,102.95,6.02,NDS-OM
05-03-2026,IN0020240126,6.79% GS 2034,GS,2034,07-10-2034,82,1445.55,100.8,100.7,100.78,6.67,100.75,6.67,NDS-OM
05-03-2026,IN0020250026,6.33% GS 2035,GS,2035,05-05-2035,135,1243.52,98.25,97.72,98.25,6.59,98.15,6.6,NDS-OM
05-03-2026,IN0020250018,6.90% GS 2065,GS,2065,15-04-2065,104,1076.2,93.2,92.35,92.85,7.47,93.01,7.45,NDS-OM
05-03-2026,IN002025Z484,04/03/2027 MATURING 364 DTB,TB,2027,04-03-2027,13,1030,94.75,94.74,94.75,5.58,94.75,5.58,NDS-OM
05-03-2026,IN0020250075,7.24% GS 2055,GS,2055,18-08-2055,100,1021,98.2,97.95,98,7.41,98.08,7.4,NDS-OM
05-03-2026,IN0020250141,6.36% GS 2031,GS,2031,16-02-2031,71,915.24,100.13,100.02,100.12,6.33,100.06,6.34,NDS-OM
05-03-2026,IN0020230085,7.18% GS 2033,GS,2033,14-08-2033,72,910,103.25,103.18,103.21,6.63,103.19,6.63,NDS-OM
05-03-2026,IN0020220151,7.26% GS 2033,GS,2033,06-02-2033,22,753.97,103.68,103.33,103.6,6.6,103.58,6.61,NDS-OM
05-03-2026,IN002025X489,04/06/2026 MATURING 91 DTB,TB,2026,04-06-2026,18,527,98.74,98.71,98.71,5.3,98.71,5.31,NDS-OM
05-03-2026,IN002025Y248,12/03/2026 MATURING 182 DTB,TB,2026,12-03-2026,21,505,99.92,99.92,99.92,4.7,99.92,4.7,NDS-OM
05-03-2026,IN0020210160,GOI FLOATING RATE BOND 2028,GS,2028,04-10-2028,18,490,101.05,101,101.05,5.72,101.02,5.73,NDS-OM
05-03-2026,IN0020220011,7.10% GS 2029,GS,2029,18-04-2029,22,485,103.07,103.01,103.05,6.01,103.03,6.02,NDS-OM
05-03-2026,IN002025Y487,03/09/2026 MATURING 182 DTB,TB,2026,03-09-2026,18,466.36,97.35,97.33,97.34,5.51,97.34,5.51,NDS-OM
05-03-2026,IN0020200120,GOI FLOATING RATE BOND 2033,GS,2033,22-09-2033,10,405,103.89,103.83,103.85,6.1,103.83,6.1,NDS-OM
05-03-2026,IN0020240027,7.23% GS 2039,GS,2039,15-04-2039,9,370,102.33,102.25,102.25,6.96,102.29,6.96,NDS-OM
05-03-2026,IN0020250133,6.68% GS 2033,GS,2033,27-01-2033,29,345.11,100.54,100.35,100.54,6.58,100.45,6.6,NDS-OM
05-03-2026,IN0020240035,7.34% GS 2064,GS,2064,22-04-2064,24,301.04,99.02,98.1,98.45,7.46,98.47,7.46,NDS-OM
05-03-2026,IN0020160100,6.57% GS 2033,GS,2033,05-12-2033,11,300,99.54,99.54,99.54,6.65,99.54,6.65,NDS-OM
05-03-2026,IN0020170026,6.79% GS 2027,GS,2027,15-05-2027,6,215,101.38,101.35,101.38,5.57,101.37,5.57,NDS-OM
05-03-2026,IN002025Y289,09/04/2026 MATURING 182 DTB,TB,2026,09-04-2026,10,195,99.54,99.52,99.52,5.2,99.52,5.18,NDS-OM
05-03-2026,IN3420250349,7.67% WESTBENGAL SGS 2046,SDL,2046,04-02-2046,26,167.89,100.15,99.87,99.96,7.67,99.96,7.67,NDS-OM
05-03-2026,IN0020230135,7.32% GS 2030,GS,2030,13-11-2030,18,160,104,103.98,103.99,6.32,103.99,6.32,NDS-OM
05-03-2026,IN0020240019,7.10% GS 2034,GS,2034,08-04-2034,16,155.24,102.79,102,102.75,6.65,102.69,6.66,NDS-OM
05-03-2026,IN0020240134,6.92% GS 2039,GS,2039,18-11-2039,14,145,99.63,99.4,99.63,6.96,99.56,6.97,NDS-OM
05-03-2026,IN0020220060,7.26% GS 2032,GS,2032,22-08-2032,8,135,103.65,103.6,103.65,6.56,103.63,6.56,NDS-OM
05-03-2026,IN3520250124,7.67% CHHATTISGARH SGS 2043,SDL,2043,04-03-2043,14,124.46,100.28,100.12,100.15,7.65,100.2,7.65,NDS-OM
05-03-2026,IN3320230359,7.48% UTTARPRADESH SGS 2044,SDL,2044,22-03-2044,5,116,98.3,98.3,98.3,7.66,98.3,7.66,NDS-OM
05-03-2026,IN1920250280,7.48% KARNATAKA SGS 2037,SDL,2037,04-09-2037,5,115,100.2,100.2,100.2,7.45,100.2,7.45,NDS-OM
05-03-2026,IN0020250059,6.28% GS 2032,GS,2032,14-07-2032,12,115,98.73,98.61,98.71,6.53,98.68,6.53,NDS-OM
05-03-2026,IN0020160118,6.79% GS 2029,GS,2029,26-12-2029,6,110,102,102,102,6.19,102,6.19,NDS-OM
05-03-2026,IN2220250392,7.43% MAHARASHTRA SGS 2040,SDL,2040,03-12-2040,4,107.13,99.6,99.54,99.55,7.48,99.54,7.48,NDS-OM
05-03-2026,IN002025X406,09/04/2026 MATURING 91 DTB,TB,2026,09-04-2026,9,106,99.53,99.52,99.52,5.2,99.52,5.2,NDS-OM
05-03-2026,IN0020210244,6.54% GS 2032,GS,2032,17-01-2032,2,105,100.4,100.35,100.35,6.47,100.4,6.46,NDS-OM
05-03-2026,IN2220240476,7.19% MAHARASHTRA SGS 2040,SDL,2040,27-02-2040,1,100,97.51,97.51,97.51,7.48,97.51,7.48,NDS-OM
05-03-2026,IN0020220029,7.54% GS 2036,GS,2036,23-05-2036,12,95,105.8,105.52,105.8,6.74,105.67,6.76,NDS-OM
05-03-2026,IN0020230077,7.18% GS 2037,GS,2037,24-07-2037,6,92,102.85,102.75,102.8,6.82,102.78,6.82,NDS-OM
05-03-2026,IN1920230282,7.42% KARNATAKA SGS 2039,SDL,2039,28-02-2039,1,90,99.51,99.51,99.51,7.48,99.51,7.48,NDS-OM
05-03-2026,IN002025Y255,19/03/2026 MATURING 182 DTB,TB,2026,19-03-2026,6,75,99.84,99.83,99.84,4.5,99.83,4.79,NDS-OM
05-03-2026,IN0020240076,7.02% GS 2031,GS,2031,18-06-2031,6,60.1,102.63,102,102.55,6.44,102.62,6.42,NDS-OM
05-03-2026,IN0020230010,7.06% GS 2028,GS,2028,10-04-2028,5,57,102.63,102.59,102.59,5.73,102.6,5.72,NDS-OM
05-03-2026,IN002025Z146,02/07/2026 MATURING 364 DTB,TB,2026,02-07-2026,7,55,98.3,98.27,98.3,5.35,98.3,5.36,NDS-OM
05-03-2026,IN1720250134,7.69% HIMACHAL PR SGS 2046,SDL,2046,04-03-2046,8,51.22,100.3,100.15,100.25,7.67,100.2,7.67,NDS-OM
05-03-2026,IN4920250250,7.68% JAMMUKASHMIR SGS 2038,SDL,2038,04-03-2038,3,50.25,100.8,100.59,100.8,7.58,100.59,7.6,NDS-OM
05-03-2026,IN0020220037,7.38% GS 2027,GS,2027,20-06-2027,7,50.03,102.21,101.5,102.17,5.6,102.19,5.59,NDS-OM
05-03-2026,IN2920230322,7.74% RAJASTHAN SGS 2033,SDL,2033,29-11-2033,2,50,102.49,102.49,102.49,7.31,102.49,7.31,NDS-OM
05-03-2026,IN1020250305,7.62% ANDHRA SGS 2036,SDL,2036,03-09-2036,2,50,101.85,101.85,101.85,7.36,101.85,7.36,NDS-OM
05-03-2026,IN0020060078,8.24% GOVT.STOCK 2027,GS,2027,15-02-2027,6,50,102.42,102.4,102.41,5.57,102.41,5.58,NDS-OM
05-03-2026,IN3320230128,7.71% UTTARPRADESH SGS 2033,SDL,2033,01-11-2033,2,45,102.35,102.32,102.35,7.3,102.33,7.3,NDS-OM
05-03-2026,IN0020240142,7.09% GS 2074,GS,2074,25-11-2074,5,45,95,94.85,94.85,7.49,94.87,7.48,NDS-OM
05-03-2026,IN0020220086,7.36% GS 2052,GS,2052,12-09-2052,6,45,99.79,99.6,99.75,7.38,99.68,7.39,NDS-OM
05-03-2026,IN0020210137,GOI FRB 2034,GS,2034,30-10-2034,1,45,102.25,102.25,102.25,6.16,102.25,6.16,NDS-OM
05-03-2026,IN0020030022,6.13% GOVT. STOCK 2028,GS,2028,04-06-2028,1,45,100.79,100.79,100.79,5.74,100.79,5.74,NDS-OM
05-03-2026,IN002025X430,30/04/2026 MATURING 91 DTB,TB,2026,30-04-2026,4,40.02,99.22,99.21,99.21,5.3,99.22,5.25,NDS-OM
05-03-2026,IN1920250256,7.47% KARNATAKA SGS 2036,SDL,2036,25-08-2036,3,35.74,100.4,100.4,100.4,7.41,100.4,7.41,NDS-OM
05-03-2026,IN002025Z393,25/12/2026 MATURING 364 DTB,TB,2026,25-12-2026,4,35,95.76,95.73,95.73,5.54,95.74,5.52,NDS-OM
05-03-2026,IN002025Y339,14/05/2026 MATURING 182 DTB,TB,2026,14-05-2026,4,35,99.01,99.01,99.01,5.3,99.01,5.3,NDS-OM
05-03-2026,IN0020210095,6.10% GS 2031,GS,2031,12-07-2031,1,35,98.49,98.49,98.49,6.44,98.49,6.44,NDS-OM
05-03-2026,IN002025Z047,23/04/2026 MATURING 364 DTB,TB,2026,23-04-2026,1,30,99.33,99.33,99.33,5.15,99.33,5.15,NDS-OM
05-03-2026,IN2820250198,7.54% PUNJAB SGS 2034,SDL,2034,25-02-2034,5,30,100.38,100.38,100.38,7.48,100.38,7.48,NDS-OM
05-03-2026,IN1020230083,7.4% ANDHRA SGS 2031,SDL,2031,10-05-2031,1,30,101.52,101.52,101.52,7.04,101.52,7.04,NDS-OM
05-03-2026,IN3320250233,7.62% UTTARPRADESH SGS 2041,SDL,2041,04-03-2041,15,27.02,100.4,100.1,100.15,7.6,100.14,7.6,NDS-OM
05-03-2026,IN002025Y354,28/05/2026 MATURING 182 DTB,TB,2026,28-05-2026,1,25,98.81,98.81,98.81,5.28,98.81,5.28,NDS-OM
05-03-2026,IN002025Y313,30/04/2026 MATURING 182 DTB,TB,2026,30-04-2026,2,25,99.22,99.22,99.22,5.25,99.22,5.25,NDS-OM
05-03-2026,IN002025X448,07/05/2026 MATURING 91 DTB,TB,2026,07-05-2026,4,25,99.11,99.11,99.11,5.27,99.11,5.27,NDS-OM
05-03-2026,IN002024Z503,26/03/2026 MATURING 364 DTB,TB,2026,26-03-2026,2,25,99.75,99.74,99.74,4.7,99.74,4.68,NDS-OM
05-03-2026,IN1620250358,7.73% HARYANA SGS 2045,SDL,2045,18-02-2045,2,25,100.73,100.73,100.73,7.66,100.73,7.66,NDS-OM
05-03-2026,IN1020250529,7.68% ANDHRA SGS 2039,SDL,2039,04-02-2039,1,25,100.85,100.85,100.85,7.58,100.85,7.58,NDS-OM
05-03-2026,IN0020200401,6.76% GS 2061,GS,2061,22-02-2061,1,25,91.59,91.59,91.59,7.44,91.59,7.44,NDS-OM
05-03-2026,IN0020230051,7.30% GS 2053,GS,2053,19-06-2053,6,20.35,99.19,98.6,98.6,7.42,98.81,7.4,NDS-OM
05-03-2026,IN3620250107,7.67% UTTARAKHAND SGS 2041,SDL,2041,04-03-2041,4,20.05,100.7,100.2,100.2,7.65,100.28,7.64,NDS-OM
05-03-2026,IN002025Z187,30/07/2026 MATURING 364 DTB,TB,2026,30-07-2026,1,20,97.87,97.87,97.87,5.45,97.87,5.45,NDS-OM
05-03-2026,IN3520250058,7.59% CHHATTISGARH SGS 2046,SDL,2046,07-01-2046,4,20,99.65,99.6,99.65,7.62,99.61,7.63,NDS-OM
05-03-2026,IN3420250398,7.72% WESTBENGAL SGS 2041,SDL,2041,25-02-2041,4,20,100.65,100.6,100.6,7.65,100.61,7.65,NDS-OM
05-03-2026,IN3420250380,7.74% WESTBENGAL SGS 2048,SDL,2048,18-02-2048,1,20,100.68,100.68,100.68,7.68,100.68,7.68,NDS-OM
05-03-2026,IN1520250334,7.4% GUJARAT SGS 2036,SDL,2036,04-03-2036,1,20,100.35,100.35,100.35,7.35,100.35,7.35,NDS-OM
05-03-2026,IN0020240183,6.75% GS 2029,GS,2029,23-12-2029,1,20,102.25,102.25,102.25,6.07,102.25,6.07,NDS-OM
05-03-2026,IN0020230101,7.37% GS 2028,GS,2028,23-10-2028,2,20,103.89,103.89,103.89,5.75,103.89,5.75,NDS-OM
05-03-2026,IN0020200096,6.19% GS 2034,GS,2034,16-09-2034,1,20,96.83,96.83,96.83,6.68,96.83,6.68,NDS-OM
05-03-2026,IN0020220102,7.41% GS 2036,GS,2036,19-12-2036,3,16.58,104.6,104.5,104.5,6.81,104.59,6.8,NDS-OM
05-03-2026,IN2120250450,7.56% MADHYAPRADESH SGS 2039,SDL,2039,04-03-2039,4,15.32,100.3,100.05,100.1,7.55,100.16,7.54,NDS-OM
05-03-2026,IN4520250726,7.67% TELANGANA SGS 2046,SDL,2046,04-03-2046,2,15,100.39,100.29,100.29,7.64,100.32,7.64,NDS-OM
05-03-2026,IN1920250272,7.38% KARNATAKA SGS 2034,SDL,2034,04-09-2034,2,15,100.15,100.15,100.15,7.36,100.15,7.36,NDS-OM
05-03-2026,IN0020190362,6.45% GS 2029,GS,2029,07-10-2029,3,15,101.23,101.23,101.23,6.06,101.23,6.06,NDS-OM
05-03-2026,IN0020160068,7.06% GS 2046,GS,2046,10-10-2046,2,15,97.6,97.6,97.6,7.29,97.6,7.29,NDS-OM
05-03-2026,IN0020180454,7.26% GS 2029,GS,2029,14-01-2029,4,14,103.57,103.48,103.49,5.91,103.51,5.9,NDS-OM
05-03-2026,IN002025Z476,25/02/2027 MATURING 364 DTB,TB,2027,25-02-2027,2,11,94.86,94.84,94.86,5.56,94.86,5.56,NDS-OM
05-03-2026,IN0020200070,5.79% GS 2030,GS,2030,11-05-2030,2,11,98.5,98.38,98.5,6.2,98.39,6.23,NDS-OM
05-03-2026,IN002025Z344,19/11/2026 MATURING 364 DTB,TB,2026,19-11-2026,1,10,96.25,96.25,96.25,5.51,96.25,5.51,NDS-OM
05-03-2026,IN002025Z062,07/05/2026 MATURING 364 DTB,TB,2026,07-05-2026,2,10,99.11,99.11,99.11,5.27,99.11,5.29,NDS-OM
05-03-2026,IN002025X455,14/05/2026 MATURING 91 DTB,TB,2026,14-05-2026,2,10,99.02,99.02,99.02,5.25,99.02,5.25,NDS-OM
05-03-2026,IN002025X414,17/04/2026 MATURING 91 DTB,TB,2026,17-04-2026,1,10,99.43,99.43,99.43,5,99.43,5,NDS-OM
05-03-2026,IN002025Y404,09/07/2026 MATURING 182 DTB,TB,2026,09-07-2026,3,10,98.2,98.18,98.18,5.4,98.2,5.36,NDS-OM
05-03-2026,IN3420250406,7.69% WESTBENGAL SGS 2049,SDL,2049,04-03-2049,2,10,100.13,100.13,100.13,7.68,100.13,7.68,NDS-OM
05-03-2026,IN3420250356,7.82% WESTBENGAL SGS 2045,SDL,2045,11-02-2045,1,10,101.48,101.48,101.48,7.67,101.48,7.67,NDS-OM
05-03-2026,IN3420240027,7.34% WESTBENGAL SGS 2039,SDL,2039,26-06-2039,2,10,99.5,99.17,99.5,7.4,99.34,7.42,NDS-OM
05-03-2026,IN2820160363,7.88% PUNJAB SDL 2027,SDL,2027,01-03-2027,1,10,101.87,101.87,101.87,5.9,101.87,5.9,NDS-OM
05-03-2026,IN1920190106,7.17% KARNATAKA SDL 2029,SDL,2029,27-11-2029,2,10,101.48,101.32,101.48,6.71,101.4,6.73,NDS-OM
05-03-2026,IN1420200132,6.74% GOA SDL 2030,SDL,2030,23-09-2030,1,10,99.4,99.4,99.4,6.89,99.4,6.89,NDS-OM
05-03-2026,IN0020250117,7.43% GS 2076,GS,2076,19-01-2076,2,10,99.7,99.7,99.7,7.45,99.7,7.45,NDS-OM
05-03-2026,IN0020210152,6.67% GS 2035,GS,2035,15-12-2035,2,10,99.65,99.5,99.65,6.72,99.58,6.73,NDS-OM
05-03-2026,IN0020200294,5.85% GS 2030,GS,2030,01-12-2030,1,10,98.04,98.04,98.04,6.33,98.04,6.33,NDS-OM
05-03-2026,IN0020200153,5.77% GS 2030,GS,2030,03-08-2030,1,10,97.95,97.95,97.95,6.31,97.95,6.31,NDS-OM
05-03-2026,IN0020180041,GOI FLOATING RATE BOND 2031,GS,2031,07-12-2031,2,10,102.95,102.92,102.95,5.91,102.94,5.91,NDS-OM
05-03-2026,IN2120250468,7.63% MADHYAPRADESH SGS 2041,SDL,2041,04-03-2041,2,5.05,100.5,100.25,100.25,7.6,100.25,7.6,NDS-OM
05-03-2026,IN002025Y347,21/05/2026 MATURING 182 DTB,TB,2026,21-05-2026,1,5,98.9,98.9,98.9,5.35,98.9,5.35,NDS-OM
05-03-2026,IN4520210225,7.18% TELANGANA SDL 2033,SDL,2033,05-01-2033,1,5,99.6,99.6,99.6,7.25,99.6,7.25,NDS-OM
05-03-2026,IN3420160167,7.78% WESTBENGAL SDL 2027,SDL,2027,01-03-2027,1,5,101.76,101.76,101.76,5.92,101.76,5.92,NDS-OM
05-03-2026,IN3120230476,7.36% TAMILNADU SGS 2054,SDL,2054,13-03-2054,1,5,97.34,97.34,97.34,7.59,97.34,7.59,NDS-OM
05-03-2026,IN3120161424,7.62% TAMILNADU SDL 2027,SDL,2027,29-03-2027,1,5,101.75,101.75,101.75,5.89,101.75,5.89,NDS-OM
05-03-2026,IN3020230055,7.5% SIKKIM SGS 2034,SDL,2034,20-03-2034,1,5,100.67,100.67,100.67,7.39,100.67,7.39,NDS-OM
05-03-2026,IN2120250393,7.84% MADHYAPRADESH SGS 2047,SDL,2047,11-02-2047,1,5,101.89,101.89,101.89,7.66,101.89,7.66,NDS-OM
05-03-2026,IN1920250090,7.51% KARNATAKA SGS 2036,SDL,2036,07-07-2036,1,5,100.79,100.79,100.79,7.4,100.79,7.4,NDS-OM
05-03-2026,IN1920250017,7.19% KARNATAKA SGS 2032,SDL,2032,24-06-2032,1,5,100.44,100.44,100.44,7.1,100.44,7.1,NDS-OM
05-03-2026,IN0020040039,7.5% GOVT. STOCK 2034,GS,2034,10-08-2034,1,5,105,105,105,6.71,105,6.71,NDS-OM
05-03-2026,IN3320200170,6.6% UTTARPRADESH SDL 2030,SDL,2030,11-11-2030,2,4.7,98.9,98.8,98.9,6.88,98.88,6.88,NDS-OM
05-03-2026,IN1920200475,6.54% KARNATAKA SDL 2030,SDL,2030,09-12-2030,1,3.47,98.65,98.65,98.65,6.87,98.65,6.87,NDS-OM
05-03-2026,IN2220230055,7.33% MAHARASHTRA SGS 2031,SDL,2031,31-05-2031,1,3,101.41,101.41,101.41,7,101.41,7,NDS-OM
05-03-2026,IN3120200115,6.6% TAMILNADU SDL 2030,SDL,2030,10-06-2030,1,2.81,99,99,99,6.87,99,6.87,NDS-OM
05-03-2026,IN3320200196,6.56% UTTARPRADESH SDL 2030,SDL,2030,16-12-2030,1,2.37,98.72,98.72,98.72,6.88,98.72,6.88,NDS-OM
05-03-2026,IN002025Y412,17/07/2026 MATURING 182 DTB,TB,2026,17-07-2026,1,2,98.12,98.12,98.12,5.26,98.12,5.26,NDS-OM
05-03-2026,IN1520210080,6.98% GUJARAT SDL 2031,SDL,2031,11-08-2031,2,2,99.65,99.35,99.65,7.06,99.5,7.09,NDS-OM
05-03-2026,IN2020160148,7.77% KERALA SDL 2027,SDL,2027,01-03-2027,1,1.66,101.77,101.77,101.77,5.9,101.77,5.9,NDS-OM
05-03-2026,IN1520220246,7.66% GUJARAT SGS 2030,SDL,2030,22-02-2030,1,1.61,102.49,102.49,102.49,6.93,102.49,6.93,NDS-OM
05-03-2026,IN1320160139,7.29% BIHAR SDL 2026,SDL,2026,28-12-2026,1,1.59,101.07,101.07,101.07,5.9,101.07,5.9,NDS-OM
05-03-2026,IN3520160026,7.8% CHATTISGARH SDL 2027,SDL,2027,01-03-2027,1,1.55,101.79,101.79,101.79,5.9,101.79,5.9,NDS-OM
05-03-2026,IN1020250339,7.5% ANDHRA SGS 2046,SDL,2046,01-10-2046,1,1.28,99.95,99.95,99.95,7.5,99.95,7.5,NDS-OM
05-03-2026,IN3320200022,7.0% UTTARPRADESH SDL 2030,SDL,2030,22-04-2030,1,1.18,100.51,100.51,100.51,6.85,100.51,6.85,NDS-OM
05-03-2026,IN3420160159,7.63% WESTBENGAL SDL 2027,SDL,2027,15-02-2027,1,1,101.56,101.56,101.56,5.9,101.56,5.9,NDS-OM
05-03-2026,IN1520200263,6.93% GUJARAT SDL 2031,SDL,2031,17-02-2031,2,1,99.45,99.15,99.45,7.06,99.3,7.1,NDS-OM
05-03-2026,IN1620170150,8.29% HARYANA SDL 2028,SDL,2028,14-03-2028,1,0.6,103.48,103.48,103.48,6.43,103.48,6.43,NDS-OM
05-03-2026,IN1220250204,7.76% ASSAM SGS 2046,SDL,2046,18-02-2046,1,0.56,101,101,101,7.66,101,7.66,NDS-OM
05-03-2026,IN2820250172,7.71% PUNJAB SGS 2038,SDL,2038,04-02-2038,1,0.5,100.98,100.98,100.98,7.58,100.98,7.58,NDS-OM
05-03-2026,IN2120250237,7.46% MADHYAPRADESH SGS 2043,SDL,2043,12-11-2043,1,0.5,99.46,99.46,99.46,7.51,99.46,7.51,NDS-OM
05-03-2026,IN1920170157,8.0% KARNATAKA SDL 2028,SDL,2028,17-01-2028,1,0.5,102.72,102.72,102.72,6.42,102.72,6.42,NDS-OM
05-03-2026,IN1220250089,7.02% ASSAM SGS 2035,SDL,2035,06-08-2035,2,0.34,97.88,97.85,97.88,7.33,97.87,7.34,NDS-OM
05-03-2026,IN002025Y461,21/08/2026 MATURING 182 DTB,TB,2026,21-08-2026,1,0.25,97.57,97.57,97.57,5.4,97.57,5.4,NDS-OM
05-03-2026,IN2220240427,7.12% MAHARASHTRA SGS 2038,SDL,2038,05-02-2038,1,0.2,96.93,96.93,96.93,7.51,96.93,7.51,NDS-OM
05-03-2026,IN000629C054,GS15JUN2029C,GS,2029,15-06-2029,1,0.16,80.46,80.46,80.46,6.75,80.46,6.75,NDS-OM
05-03-2026,IN002025Z336,12/11/2026 MATURING 364 DTB,TB,2026,12-11-2026,1,0.1,96.29,96.29,96.29,5.6,96.29,5.6,NDS-OM
05-03-2026,IN0020230044,7.25% GS 2063,GS,2063,12-06-2063,1,0.01,97.5,97.5,97.5,7.45,97.5,7.45,NDS-OM
05-03-2026,IN0020220094,7.40% GS 2062,GS,2062,19-09-2062,1,0.01,99.2,99.2,99.2,7.46,99.2,7.46,NDS-OM
05-03-2026,IN002025Y370,11/06/2026 MATURING 182 DTB,TB,2026,11-06-2026,1,0,98.56,98.56,98.56,5.5,98.56,5.5,NDS-OM
05-03-2026,IN4520220018,8.02% TELANGANA SDL 2035,SDL,2035,08-06-2035,1,0,102,102,102,7.71,102,7.71,NDS-OM
05-03-2026,IN1020220175,8.03% ANDHRA SDL 2035,SDL,2035,08-06-2035,1,0,102,102,102,7.72,102,7.72,NDS-OM
